Workbook

Sheet Sheet1
T1: Confirmado por bodega
A2: name | B2: referencia interna | C2: image_1920 | D2: Largo | E2: Ancho | F2: Altura | G2: cbm | H2: costo dlls | I2: Unidades | J2: unidades por caja | K2: CBM por caja | L2: Tipo de producto | M2: Empresa | N2: Código de Barras | O2: contenedor | P2: COSTO LANDED MXN | Q2: DESCRIPCION | R2: CATEGORIA | S2: atributo | T2: CANTIDAD DE CAJAS | U2: PIEZAS POR CAJA | V2: PIEZAS X PACK | W2: PIEZAS TOTALES
A3: PLUMONES 48 COLORES | B3: EST-0060-48PZ | C3: =VLOOKUP(B3,Sheet2!$1:$1048576,2,FALSE) -> https://drive.google.com/uc?export=download&id=1h3fHGKZdZkuAsrYO7-GyEu7TL3W5BEKv | D3: 63 | E3: 44 | F3: 32 | G3: =D3*E3*F3/1000000 -> 0.088704 | H3: 8 | J3: 34 | K3: =J3*G3 -> 3.015936 | L3: Producto almacenable | M3: FERRAFORME MS | N3: EST-0060-48PZ | O3: EMCU8340494=CI&PL contenedor 36
A4: BOLSA TRANSPARENTE | B4: ORG-0288-PLA | C4: =VLOOKUP(B4,Sheet2!$1:$1048576,2,FALSE) -> https://drive.google.com/uc?export=download&id=1mVJp7sjujT7Q38wAJbx0teRSVjlrYJ48 | D4: 1 | E4: 1 | F4: 1 | H4: 4 | J4: 2 | K4: =J4*G4 -> 0 | L4: Producto almacenable | M4: FERRAFORME MS | N4: ORG-0288-PLA | O4: EMCU8340494=CI&PL contenedor 36
A5: AUDIFONOS INALAMBRICOS BLANCOS | B5: TEC-0455-PLA | C5: =VLOOKUP(B5,Sheet2!$1:$1048576,2,FALSE) -> https://drive.google.com/uc?export=download&id=1_mMci1OPIqoZI9SrgC8zIwnoOLTDwk07 | D5: 53 | E5: 43 | F5: 18 | G5: =D5*E5*F5/1000000 -> 0.041022 | H5: 4 | J5: 60 | K5: =J5*G5 -> 2.46132 | L5: Producto almacenable | M5: FERRAFORME MS | N5: TEC-0455-PLA | O5: EMCU8340494=CI&PL contenedor 36
A6: SOPORTE PARA CELULAR LUZ LED AZUL | B6: ORG-0290-AZL | C6: =VLOOKUP(B6,Sheet2!$1:$1048576,2,FALSE) -> https://drive.google.com/uc?export=download&id=1-Q8TI3uCvF8JdHCxuNpwz4gQ_vdHLb-A | D6: 44 | E6: 29 | F6: 20 | G6: =D6*E6*F6/1000000 -> 0.02552 | H6: 3 | J6: 49 | K6: =J6*G6 -> 1.25048 | L6: Producto almacenable | M6: FERRAFORME MS | N6: ORG-0290-AZL | O6: EMCU8340494=CI&PL contenedor 36
A7: BOLSA TRANSPARENTES CON MOÑO MULTICOLOR CH | B7: ORG-0291-PLA-CH | C7: =VLOOKUP(B7,Sheet2!$1:$1048576,2,FALSE) -> https://drive.google.com/uc?export=download&id=1dGZGfWfz_lfpyy-lumZ7Ag68GmY9gghi | D7: 55 | E7: 40 | F7: 31 | G7: =D7*E7*F7/1000000 -> 0.0682 | H7: 5 | J7: 10 | K7: =J7*G7 -> 0.682 | L7: Producto almacenable | M7: FERRAFORME MS | N7: ORG-0291-PLA-CH | O7: EMCU8340494=CI&PL contenedor 36
A8: BOLSA TRANSPARENTES CON MOÑO MULTICOLOR M | B8: ORG-0291-PLA-M | C8: =VLOOKUP(B8,Sheet2!$1:$1048576,2,FALSE) -> https://drive.google.com/uc?export=download&id=1dGZGfWfz_lfpyy-lumZ7Ag68GmY9gghi | D8: 55 | E8: 40 | F8: 31 | G8: =D8*E8*F8/1000000 -> 0.0682 | H8: 5 | J8: 8 | K8: =J8*G8 -> 0.5456 | L8: Producto almacenable | M8: FERRAFORME MS | N8: ORG-0291-PLA-M | O8: EMCU8340494=CI&PL contenedor 36
A9: BOLSA METALICA CHICA MULTI | B9: ORG-0293-MUL-M | C9: =VLOOKUP(B9,Sheet2!$1:$1048576,2,FALSE) -> https://drive.google.com/uc?export=download&id=1pAbe_qoKW1_vThNPocNrh7PDfv0kO1uG | D9: 51 | E9: 42 | F9: 42 | G9: =D9*E9*F9/1000000 -> 0.089964 | H9: 4 | J9: 75 | K9: =J9*G9 -> 6.7473 | L9: Producto almacenable | M9: FERRAFORME MS | N9: ORG-0293-MUL-M | O9: EMCU8340494=CI&PL contenedor 36
A10: LICUADORA PORTATIL AZUL | B10: TEC-0489-AZL | C10: =VLOOKUP(B10,Sheet2!$1:$1048576,2,FALSE) -> https://drive.google.com/uc?export=download&id=1K63z165bKvmzGqsHl03LN6cAwofkKpA8 | D10: 59 | E10: 49 | F10: 43 | G10: =D10*E10*F10/1000000 -> 0.124313 | H10: 2.3 | J10: 32 | K10: =J10*G10 -> 3.978016 | L10: Producto almacenable | M10: FERRAFORME MS | N10: TEC-0489-AZL | O10: EMCU8340494=CI&PL contenedor 36
A11: RASURADORA DORADA | B11: TEC-0496-PLA | C11: =VLOOKUP(B11,Sheet2!$1:$1048576,2,FALSE) -> https://drive.google.com/uc?export=download&id=1L555T6KbkROnZWPLSknTtUVqREDTHk8N | D11: 59 | E11: 46 | F11: 26 | G11: =D11*E11*F11/1000000 -> 0.070564 | H11: 2.1 | J11: 49 | K11: =J11*G11 -> 3.457636 | L11: Producto almacenable | M11: FERRAFORME MS | N11: TEC-0496-PLA | O11: EMCU8340494=CI&PL contenedor 36
A12: REGADERA PEQUEÑA BLANCO | B12: TEC-0444-MET | C12: =VLOOKUP(B12,Sheet2!$1:$1048576,2,FALSE) -> https://drive.google.com/uc?export=download&id=1lZylciM6Rx2q3-3H7RiLlZG3rqzRMm4H | D12: 55 | E12: 56 | F12: 33 | G12: =D12*E12*F12/1000000 -> 0.10164 | H12: 1.8 | J12: 20 | K12: =J12*G12 -> 2.0328 | L12: Producto almacenable | M12: FERRAFORME MS | N12: TEC-0444-MET | O12: EMCU8340494=CI&PL contenedor 36
A13: POSTURA NARIZ 3D NEGRO | B13: ACC-0028-BLN | C13: =VLOOKUP(B13,Sheet2!$1:$1048576,2,FALSE) -> https://drive.google.com/uc?export=download&id=1DYrUZ7isBMj4avxtwadfghM-LPWm-4xp | D13: 1 | E13: 1 | F13: 1 | G13: =D13*E13*F13/1000000 -> 1e-06 | H13: 0.4 | J13: 60 | K13: =J13*G13 -> 6e-05 | L13: Producto almacenable | M13: FERRAFORME MS | N13: ACC-0028-BLN | O13: EMCU8340494=CI&PL contenedor 36
A14: CUCHARA MEDIDORA NEGRO | B14: TEC-0445-NEG | C14: =VLOOKUP(B14,Sheet2!$1:$1048576,2,FALSE) -> https://drive.google.com/uc?export=download&id=1nf0w6-PT6McFTSLJKpmVFzrtiBy_JiO- | D14: 1 | E14: 1 | F14: 1 | G14: =D14*E14*F14/1000000 -> 1e-06 | H14: 1.6 | J14: 20 | K14: =J14*G14 -> 2e-05 | L14: Producto almacenable | M14: FERRAFORME MS | N14: TEC-0445-NEG | O14: EMCU8340494=CI&PL contenedor 36
A15: PLANCHA PARA CABELLO NEGRA | B15: TEC-0443-NEG-CUA | C15: =VLOOKUP(B15,Sheet2!$1:$1048576,2,FALSE) -> https://drive.google.com/uc?export=download&id=1Dx46MWH64QCq9ixDn1oFELyJHhzDmKf6 | D15: 59 | E15: 41 | F15: 36 | G15: =D15*E15*F15/1000000 -> 0.087084 | H15: 2.2 | J15: 50 | K15: =J15*G15 -> 4.3542 | L15: Producto almacenable | M15: FERRAFORME MS | N15: TEC-0443-NEG-CUA | O15: EMCU8340494=CI&PL contenedor 36
A16: RASURADORA 4 EN 1 AY-310 NEGRO | B16: TEC-0447-NEG | C16: =VLOOKUP(B16,Sheet2!$1:$1048576,2,FALSE) -> https://drive.google.com/uc?export=download&id=1c4eWiUfslJZcvOCExML_VFHkj4UATW7_ | D16: 44 | E16: 44 | F16: 38 | G16: =D16*E16*F16/1000000 -> 0.073568 | H16: 3.2 | J16: 60 | K16: =J16*G16 -> 4.41408 | L16: Producto almacenable | M16: FERRAFORME MS | N16: TEC-0447-NEG | O16: EMCU8340494=CI&PL contenedor 36
... A26: MICRO USB NEGRO | B26: TEC-0449-NEG | C26: =VLOOKUP(B26,Sheet2!$1:$1048576,2,FALSE) -> https://drive.google.com/uc?export=download&id=1ds2yqckkL2LBtFMtpnOv0qge-0fIl7eh | D26: 1 | E26: 1 | F26: 1 | G26: =D26*E26*F26/1000000 -> 1e-06 | H26: 2 | J26: 20 | K26: =J26*G26 -> 2e-05 | L26: Producto almacenable | M26: FERRAFORME MS | N26: TEC-0449-NEG | O26: EMCU8340494=CI&PL contenedor 36
A27: SOPORTE PARA CELULAR NARANJA | B27: TEC-0450-NAR | C27: =VLOOKUP(B27,Sheet2!$1:$1048576,2,FALSE) -> https://drive.google.com/uc?export=download&id=1HEwhSfhn1zHNT2DM9al8CVQjEL9ZaTYw | D27: 1 | E27: 1 | F27: 1 | G27: =D27*E27*F27/1000000 -> 1e-06 | J27: 50 | K27: =J27*G27 -> 5e-05 | L27: Producto almacenable | M27: FERRAFORME MS | N27: TEC-0450-NAR | O27: EMCU8340494=CI&PL contenedor 36
A28: SOPORTE PARA CELULAR AMARILLO | B28: TEC-0450-AMA | C28: =VLOOKUP(B28,Sheet2!$1:$1048576,2,FALSE) -> https://drive.google.com/uc?export=download&id=1HEwhSfhn1zHNT2DM9al8CVQjEL9ZaTYw | D28: 1 | E28: 1 | F28: 1 | G28: =D28*E28*F28/1000000 -> 1e-06 | J28: 49 | K28: =J28*G28 -> 4.9e-05 | L28: Producto almacenable | M28: FERRAFORME MS | N28: TEC-0450-AMA | O28: EMCU8340494=CI&PL contenedor 36
A29: SOPORTE PARA CELULAR MORADO | B29: TEC-0450-MOR | C29: =VLOOKUP(B29,Sheet2!$1:$1048576,2,FALSE) -> https://drive.google.com/uc?export=download&id=1HEwhSfhn1zHNT2DM9al8CVQjEL9ZaTYw | D29: 1 | E29: 1 | F29: 1 | G29: =D29*E29*F29/1000000 -> 1e-06 | J29: 49 | K29: =J29*G29 -> 4.9e-05 | L29: Producto almacenable | M29: FERRAFORME MS | N29: TEC-0450-MOR | O29: EMCU8340494=CI&PL contenedor 36
A30: SOPORTE PARA TELEFONO NEGRO | B30: TEC-0450-NEG | C30: =VLOOKUP(B30,Sheet2!$1:$1048576,2,FALSE) -> https://drive.google.com/uc?export=download&id=1HEwhSfhn1zHNT2DM9al8CVQjEL9ZaTYw | D30: 1 | E30: 1 | F30: 1 | G30: =D30*E30*F30/1000000 -> 1e-06 | H30: 2 | J30: 16 | K30: =J30*G30 -> 1.6e-05 | L30: Producto almacenable | M30: FERRAFORME MS | N30: TEC-0450-NEG | O30: EMCU8340494=CI&PL contenedor 36
A31: CARGADOR POWER AMARILLO | B31: TEC-0488-AMA | C31: =VLOOKUP(B31,Sheet2!$1:$1048576,2,FALSE) -> https://drive.google.com/uc?export=download&id=1OvuJfyO0T3pa5uVxSX341A91Jxj4ksKx | D31: 50 | E31: 45 | F31: 33 | G31: =D31*E31*F31/1000000 -> 0.07425 | H31: 0.6 | J31: 130 | K31: =J31*G31 -> 9.6525 | L31: Producto almacenable | M31: FERRAFORME MS | N31: TEC-0488-AMA | O31: EMCU8340494=CI&PL contenedor 36
A32: EQUIPO DE OSMOSIS | B32: TEC-0451-MET | C32: =VLOOKUP(B32,Sheet2!$1:$1048576,2,FALSE) -> https://drive.google.com/uc?export=download&id=1FqB_3LwvD4nn3zJQ8Y9bbK66XjzCHSg6 | D32: 98 | E32: 52 | F32: 47 | G32: =D32*E32*F32/1000000 -> 0.239512 | H32: 250 | J32: 1 | K32: =J32*G32 -> 0.239512 | L32: Producto almacenable | M32: FERRAFORME MS | N32: TEC-0451-MET | O32: EMCU8340494=CI&PL contenedor 36
A33: EVEPER 40A 12-24V MPPT CONTROLADOR DE CARGA SOLAR 100VOC NEGRO | B33: TEC-0453-NEG | C33: =VLOOKUP(B33,Sheet2!$1:$1048576,2,FALSE) -> https://drive.google.com/uc?export=download&id=11_q1F4MCNxWlyiFJkTDlbSPyxN3F015D | D33: 57 | E33: 43 | F33: 23 | G33: =D33*E33*F33/1000000 -> 0.056373 | H33: 1.7 | K33: =J33*G33 -> 0 | L33: Producto almacenable | M33: FERRAFORME MS | N33: TEC-0453-NEG | O33: EMCU8340494=CI&PL contenedor 36
A34: CONTROLADORA DE CARGA SOLAR 12/48VDC NEGRO | B34: TEC-0493-NEG | C34: =VLOOKUP(B34,Sheet2!$1:$1048576,2,FALSE) -> https://drive.google.com/uc?export=download&id=1_Zs4tt4mlCTN2kcNVd1KAqocartKJlok | D34: 44 | E34: 43 | F34: 40 | G34: =D34*E34*F34/1000000 -> 0.07568 | H34: 11.3 | J34: 20 | K34: =J34*G34 -> 1.5136 | L34: Producto almacenable | M34: FERRAFORME MS | N34: TEC-0493-NEG | O34: EMCU8340494=CI&PL contenedor 36
A35: CONTROLADOR DE CARGA SOLAR 100V GRIS | B35: TEC-0491-PLA | C35: =VLOOKUP(B35,Sheet2!$1:$1048576,2,FALSE) -> https://drive.google.com/uc?export=download&id=1Nm7la3X5HBAYsI94x-7sFeHpeN5tHrgT | D35: 42 | E35: 31 | F35: 18 | G35: =D35*E35*F35/1000000 -> 0.023436 | H35: 65 | J35: 10 | K35: =J35*G35 -> 0.23436 | L35: Producto almacenable | M35: FERRAFORME MS | N35: TEC-0491-PLA | O35: EMCU8340494=CI&PL contenedor 36
A36: COVERTIDOR SOLAR 1600W GRIS C NARANJA | B36: TEC-0454-GRI | C36: =VLOOKUP(B36,Sheet2!$1:$1048576,2,FALSE) -> https://drive.google.com/uc?export=download&id=1t2ame1o8s8Xis5e90P1eqSBwvd1zbgpa | D36: 53 | E36: 40 | F36: 21 | G36: =D36*E36*F36/1000000 -> 0.04452 | H36: 192 | J36: 1 | K36: =J36*G36 -> 0.04452 | L36: Producto almacenable | M36: FERRAFORME MS | N36: TEC-0454-GRI | O36: EMCU8340494=CI&PL contenedor 36
A37: PANEL SOLAR | B37: EST-0061-NEG | C37: =VLOOKUP(B37,Sheet2!$1:$1048576,2,FALSE) -> https://drive.google.com/uc?export=download&id=1D62UAiBsatvmjB9-Bf898Xz6LBldS03r | D37: 50 | E37: 36 | F37: 36 | G37: =D37*E37*F37/1000000 -> 0.0648 | H37: 6.18 | J37: 10 | K37: =J37*G37 -> 0.648 | L37: Producto almacenable | M37: FERRAFORME MS | N37: EST-0061-NEG | O37: EMCU8340494=CI&PL contenedor 36
A38: TARJETA MADRE INVERSOR SOLAR | B38: TEC-0456-PLA | C38: =VLOOKUP(B38,Sheet2!$1:$1048576,2,FALSE) -> https://drive.google.com/uc?export=download&id=10amukYXc-8I5P60IWEH3Ul6_s7G0_C5q | D38: 48 | E38: 37 | F38: 17 | G38: =D38*E38*F38/1000000 -> 0.030192 | H38: 71 | J38: 1 | K38: =J38*G38 -> 0.030192 | L38: Producto almacenable | M38: FERRAFORME MS | N38: TEC-0456-PLA | O38: EMCU8340494=CI&PL contenedor 36
A39: MONITOR PORTATIL XBOX TELEFONO NEGRO | B39: TEC-0492-MUL | C39: =VLOOKUP(B39,Sheet2!$1:$1048576,2,FALSE) -> https://drive.google.com/uc?export=download&id=1JmJtcla17vu3vVJWuHcislVKF5IAcB-S | D39: 44 | E39: 41 | F39: 29 | G39: =D39*E39*F39/1000000 -> 0.052316 | H39: 45 | J39: 10 | K39: =J39*G39 -> 0.52316 | L39: Producto almacenable | M39: FERRAFORME MS | N39: TEC-0492-MUL | O39: EMCU8340494=CI&PL contenedor 36
A40: LUCES DE ESCENARIO DE ESFERA 110X100X15MM NEGRO | B40: TEC-0458-NEG | C40: =VLOOKUP(B40,Sheet2!$1:$1048576,2,FALSE) -> https://drive.google.com/uc?export=download&id=1NRXqWIjJjJq5XYebp-sS5SEdIXLXEJIV | D40: 62 | E40: 53 | F40: 25 | G40: =D40*E40*F40/1000000 -> 0.08215 | H40: 18.87 | J40: 50 | K40: =J40*G40 -> 4.1075 | L40: Producto almacenable | M40: FERRAFORME MS | N40: TEC-0458-NEG | O40: EMCU8340494=CI&PL contenedor 36
A41: MAQUINA DE HUMO NEGRO | B41: TEC-0757-NEG | C41: =VLOOKUP(B41,Sheet2!$1:$1048576,2,FALSE) -> https://drive.google.com/uc?export=download&id=1z8ICtB8FcvDDfeREQN6nv_uA1g-fhjgq | D41: 42 | E41: 35 | F41: 30 | G41: =D41*E41*F41/1000000 -> 0.0441 | H41: 61.05 | J41: 36 | K41: =J41*G41 -> 1.5876 | L41: Producto almacenable | M41: FERRAFORME MS | N41: TEC-0757-NEG | O41: EMCU8340494=CI&PL contenedor 36
A42: MAQUINA DE HUMO 9 LUCES PLATA | B42: TEC-0759-PLA | C42: =VLOOKUP(B42,Sheet2!$1:$1048576,2,FALSE) -> https://drive.google.com/uc?export=download&id=1Wh7rCji2Xde_BbJDnF8gtyLxeUeeO-Y0 | D42: 52 | E42: 47 | F42: 39 | G42: =D42*E42*F42/1000000 -> 0.095316 | H42: 146.3 | J42: 4 | K42: =J42*G42 -> 0.381264 | L42: Producto almacenable | M42: FERRAFORME MS | N42: TEC-0759-PLA | O42: EMCU8340494=CI&PL contenedor 36
A43: CABEZAS MOVILES LED 200MRAYO DJ NEGRO | B43: TEC-0461-NEG | C43: =VLOOKUP(B43,Sheet2!$1:$1048576,2,FALSE) -> https://drive.google.com/uc?export=download&id=1CuhdK5GRhTzUYmjLn6_3sPi0YYRT8mJU | D43: 57 | E43: 48 | F43: 36 | G43: =D43*E43*F43/1000000 -> 0.098496 | H43: 330 | J43: 4 | K43: =J43*G43 -> 0.393984 | L43: Producto almacenable | M43: FERRAFORME MS | N43: TEC-0461-NEG | O43: EMCU8340494=CI&PL contenedor 36
A44: LUZ LASER 5 EN 1 AUDIORITMICAS NEGRO | B44: TEC-0460-MUL | C44: =VLOOKUP(B44,Sheet2!$1:$1048576,2,FALSE) -> https://drive.google.com/uc?export=download&id=1S_Ng5A6mi51ZkZ1UQqhAkgNHgFOKYxlS | D44: 52 | E44: 47 | F44: 42 | G44: =D44*E44*F44/1000000 -> 0.102648 | H44: 127.65 | J44: 12 | K44: =J44*G44 -> 1.231776 | L44: Producto almacenable | M44: FERRAFORME MS | N44: TEC-0460-MUL | O44: EMCU8340494=CI&PL contenedor 36
A45: 2PC CAÑON DE LEDS AUDIORITMICO MULTICOLOR | B45: TEC-0758-MUL | C45: =VLOOKUP(B45,Sheet2!$1:$1048576,2,FALSE) -> https://drive.google.com/uc?export=download&id=1_gpHxO4GCX2bjReYvL8tRM7kMjvXohGb | D45: 48 | E45: 46 | F45: 45 | G45: =D45*E45*F45/1000000 -> 0.09936 | H45: 66 | J45: 6 | K45: =J45*G45 -> 0.59616 | L45: Producto almacenable | M45: FERRAFORME MS | N45: TEC-0758-MUL | O45: EMCU8340494=CI&PL contenedor 36
... A54: CEPILLO RIZADOR TERMICO NARANJA | B54: ACC-0231-NAR | C54: =VLOOKUP(B54,Sheet2!$1:$1048576,2,FALSE) -> https://drive.google.com/uc?export=download&id=1oyyNlrneK9k986CJO58i1zPE9yAqRKuu | D54: 57 | E54: 36 | F54: 35 | G54: =D54*E54*F54/1000000 -> 0.07182 | H54: 11 | J54: 20 | K54: =J54*G54 -> 1.4364 | L54: Producto almacenable | M54: FERRAFORME MS | N54: ACC-0231-NAR | O54: EMCU8340494=CI&PL contenedor 36
A55: CORTINAS VERDES | B55: MUE-0147-VER | D55: 55 | E55: 41 | F55: 30 | G55: =D55*E55*F55/1000000 -> 0.06765 | H55: 10 | J55: 16 | K55: =J55*G55 -> 1.0824 | L55: Producto almacenable | M55: FERRAFORME MS | N55: MUE-0147-VER | O55: EMCU8340494=CI&PL contenedor 36
A56: CORTINAS BLANCAS | B56: MUE-0147-BLN | D56: 55 | E56: 41 | F56: 30 | G56: =D56*E56*F56/1000000 -> 0.06765 | H56: 10 | J56: 16 | K56: =J56*G56 -> 1.0824 | L56: Producto almacenable | M56: FERRAFORME MS | N56: MUE-0147-BLN | O56: EMCU8340494=CI&PL contenedor 36
A57: CORTINAS AMARILLAS | B57: MUE-0147-AMA | D57: 55 | E57: 41 | F57: 30 | G57: =D57*E57*F57/1000000 -> 0.06765 | H57: 10 | J57: 16 | K57: =J57*G57 -> 1.0824 | L57: Producto almacenable | M57: FERRAFORME MS | N57: MUE-0147-AMA | O57: EMCU8340494=CI&PL contenedor 36
A58: CORTINAS BLANCAS CON AMARILLO | B58: MUE-0147-BLN-AMA | D58: 55 | E58: 41 | F58: 30 | G58: =D58*E58*F58/1000000 -> 0.06765 | H58: 10 | J58: 16 | K58: =J58*G58 -> 1.0824 | L58: Producto almacenable | M58: FERRAFORME MS | N58: MUE-0147-BLN-AMA | O58: EMCU8340494=CI&PL contenedor 36
A59: CORTINAS AZUL | B59: MUE-0147-AZL | D59: 55 | E59: 41 | F59: 30 | G59: =D59*E59*F59/1000000 -> 0.06765 | H59: 10 | J59: 16 | K59: =J59*G59 -> 1.0824 | L59: Producto almacenable | M59: FERRAFORME MS | N59: MUE-0147-AZL | O59: EMCU8340494=CI&PL contenedor 36
A60: TRASLUCIDAS FLORAL ROSA | B60: MUE-0147-FLO-ROS | D60: 61 | E60: 41 | F60: 40 | G60: =D60*E60*F60/1000000 -> 0.10004 | H60: 10 | J60: 32 | K60: =J60*G60 -> 3.20128 | L60: Producto almacenable | M60: FERRAFORME MS | N60: MUE-0147-FLO-ROS | O60: EMCU8340494=CI&PL contenedor 36
A61: CORTINAS TRIANGULOS Y FLORES AZUL Y NARANJA | B61: MUE-0147-TRI-VER | D61: 61 | E61: 41 | F61: 40 | G61: =D61*E61*F61/1000000 -> 0.10004 | H61: 10 | J61: 34 | K61: =J61*G61 -> 3.40136 | L61: Producto almacenable | M61: FERRAFORME MS | N61: MUE-0147-TRI-VER | O61: EMCU8340494=CI&PL contenedor 36
A62: TRASLUCIDAS TRIANGULOS AZUL Y NARANJA | B62: MUE-0147-TRI | D62: 61 | E62: 41 | F62: 40 | G62: =D62*E62*F62/1000000 -> 0.10004 | H62: 10 | J62: 35 | K62: =J62*G62 -> 3.5014 | L62: Producto almacenable | M62: FERRAFORME MS | N62: MUE-0147-TRI | O62: EMCU8340494=CI&PL contenedor 36
A63: DECORADO EUROPEO | B63: MUE-0147-TRS-DEC-EUR | D63: 61 | E63: 41 | F63: 40 | G63: =D63*E63*F63/1000000 -> 0.10004 | H63: 10 | J63: 34 | K63: =J63*G63 -> 3.40136 | L63: Producto almacenable | M63: FERRAFORME MS | N63: MUE-0147-TRS-DEC-EUR | O63: EMCU8340494=CI&PL contenedor 36
A64: CUADROS AMARILLOS | B64: MUE-0147-CUA-AMA | D64: 55 | E64: 41 | F64: 30 | G64: =D64*E64*F64/1000000 -> 0.06765 | H64: 10 | J64: 16 | K64: =J64*G64 -> 1.0824 | L64: Producto almacenable | M64: FERRAFORME MS | N64: MUE-0147-CUA-AMA | O64: EMCU8340494=CI&PL contenedor 36
A65: CORTINAS VERDE COLIBRI | B65: MUE-0147-COL-VER | D65: 55 | E65: 41 | F65: 30 | G65: =D65*E65*F65/1000000 -> 0.06765 | H65: 10 | J65: 17 | K65: =J65*G65 -> 1.15005 | L65: Producto almacenable | M65: FERRAFORME MS | N65: MUE-0147-COL-VER | O65: EMCU8340494=CI&PL contenedor 36
A66: CORTINAS BLANCO CON NEGRO | B66: MUE-0147-NEG-BLN | D66: 55 | E66: 41 | F66: 30 | G66: =D66*E66*F66/1000000 -> 0.06765 | H66: 10 | J66: 16 | K66: =J66*G66 -> 1.0824 | L66: Producto almacenable | M66: FERRAFORME MS | N66: MUE-0147-NEG-BLN | O66: EMCU8340494=CI&PL contenedor 36
... A69: COLIBRI VERDE 274*213 16PZ/ | B69: MUE-0147-COL-VER2 | D69: 52 | E69: 41 | F69: 30 | G69: =D69*E69*F69/1000000 -> 0.06396 | H69: 10 | J69: 10 | K69: =J69*G69 -> 0.6396 | L69: Producto almacenable | M69: FERRAFORME MS | N69: MUE-0147-COL-VER2 | O69: EMCU8340494=CI&PL contenedor 36
A70: PATIN ELECTRICO P NIÑOS ROSA C BLANCO | B70: PAS-0017-ROS | C70: =VLOOKUP(B70,Sheet2!$1:$1048576,2,FALSE) -> https://drive.google.com/uc?export=download&id=1VldZi2Wlp37CGFU1W8fp2zxJelfRkeGZ | D70: 71 | E70: 42 | F70: 37 | G70: =D70*E70*F70/1000000 -> 0.110334 | H70: 40 | J70: 2 | K70: =J70*G70 -> 0.220668 | L70: Producto almacenable | M70: FERRAFORME MS | N70: PAS-0017-ROS | O70: EMCU8340494=CI&PL contenedor 36
A71: PATIN ELECTRICO P NIÑOS VERDE | B71: PAS-0017-VER | C71: =VLOOKUP(B71,Sheet2!$1:$1048576,2,FALSE) -> https://drive.google.com/uc?export=download&id=1VldZi2Wlp37CGFU1W8fp2zxJelfRkeGZ | D71: 71 | E71: 43 | F71: 36 | G71: =D71*E71*F71/1000000 -> 0.109908 | H71: 40 | J71: 2 | K71: =J71*G71 -> 0.219816 | L71: Producto almacenable | M71: FERRAFORME MS | N71: PAS-0017-VER | O71: EMCU8340494=CI&PL contenedor 36
A72: BOCINA T811 WIRELESS MULTI EN BEIGE | B72: TEC-0494-MUL-BEI | D72: 75 | E72: 48 | F72: 38 | G72: =D72*E72*F72/1000000 -> 0.1368 | H72: 48 | J72: 6 | K72: =J72*G72 -> 0.8208 | L72: Producto almacenable | M72: FERRAFORME MS | N72: TEC-0494-MUL-BEI | O72: EMCU8340494=CI&PL contenedor 36
A73: BOCINA T811 WIRELESS NEGRO | B73: TEC-0494-NEG | C73: =VLOOKUP(B73,Sheet2!$1:$1048576,2,FALSE) -> https://drive.google.com/uc?export=download&id=11KcvcKZBt8XIiVrSd7EwCP6D_nJy5JT9 | D73: 75 | E73: 48 | F73: 38 | G73: =D73*E73*F73/1000000 -> 0.1368 | H73: 48 | J73: 6 | K73: =J73*G73 -> 0.8208 | L73: Producto almacenable | M73: FERRAFORME MS | N73: TEC-0494-NEG | O73: EMCU8340494=CI&PL contenedor 36
A74: BOCINA T811 WIRELESS MULTI | B74: TEC-0494-MUL | D74: 75 | E74: 48 | F74: 38 | G74: =D74*E74*F74/1000000 -> 0.1368 | H74: 48 | J74: 6 | K74: =J74*G74 -> 0.8208 | L74: Producto almacenable | M74: FERRAFORME MS | N74: TEC-0494-MUL | O74: EMCU8340494=CI&PL contenedor 36
A75: BOCINA CONTRA AGUA NEGRA | B75: TEC-0470-NEG | C75: =VLOOKUP(B75,Sheet2!$1:$1048576,2,FALSE) -> https://drive.google.com/uc?export=download&id=12d3zaZ0MWOiQuMmDhTXww5zsXL0ukpBX | D75: 47 | E75: 45 | F75: 42 | G75: =D75*E75*F75/1000000 -> 0.08883 | H75: 50 | J75: 4 | K75: =J75*G75 -> 0.35532 | L75: Producto almacenable | M75: FERRAFORME MS | N75: TEC-0470-NEG | O75: EMCU8340494=CI&PL contenedor 36
A76: BOCINA CONTRA AGUA CON MICROFONO NEGRA | B76: TEC-0470-NEG-MIC | D76: 67 | E76: 47 | F76: 42 | G76: =D76*E76*F76/1000000 -> 0.132258 | H76: 48 | J76: 6 | K76: =J76*G76 -> 0.793548 | L76: Producto almacenable | M76: FERRAFORME MS | N76: TEC-0470-NEG-MIC | O76: EMCU8340494=CI&PL contenedor 36
A77: BOCINA PARA FIESTA PORTATIL NEGRA | B77: TEC-0469-NEG | C77: =VLOOKUP(B77,Sheet2!$1:$1048576,2,FALSE) -> https://drive.google.com/uc?export=download&id=1GcE53I55u4btYP-7cY3e-4p2Kw5pW8ac | D77: 55 | E77: 45 | F77: 45 | G77: =D77*E77*F77/1000000 -> 0.111375 | H77: 60.86 | J77: 4 | K77: =J77*G77 -> 0.4455 | L77: Producto almacenable | M77: FERRAFORME MS | N77: TEC-0469-NEG | O77: EMCU8340494=CI&PL contenedor 36
A78: BOCINA D20 NEGRA C 2 MMICROFONOS | B78: TEC-0470-MIL | D78: 61 | E78: 61 | F78: 40 | G78: =D78*E78*F78/1000000 -> 0.14884 | H78: 22.1 | J78: 1 | K78: =J78*G78 -> 0.14884 | L78: Producto almacenable | M78: FERRAFORME MS | N78: TEC-0470-MIL | O78: EMCU8340494=CI&PL contenedor 36
A79: BOCINA D20 MILITAR | B79: TEC-0470-D20-MIL | C79: =VLOOKUP(B79,Sheet2!$1:$1048576,2,FALSE) -> https://drive.google.com/uc?export=download&id=12d3zaZ0MWOiQuMmDhTXww5zsXL0ukpBX | D79: 61 | E79: 61 | F79: 40 | G79: =D79*E79*F79/1000000 -> 0.14884 | H79: 22.1 | J79: 1 | K79: =J79*G79 -> 0.14884 | L79: Producto almacenable | M79: FERRAFORME MS | N79: TEC-0470-D20-MIL | O79: EMCU8340494=CI&PL contenedor 36
A80: SOLDADORA HIT BOX ACC NARANJA | B80: TEC-0486-NAR | D80: 57 | E80: 45 | F80: 22 | G80: =D80*E80*F80/1000000 -> 0.05643 | H80: 52 | J80: 2 | K80: =J80*G80 -> 0.11286 | L80: Producto almacenable | M80: FERRAFORME MS | N80: TEC-0486-NAR | O80: EMCU8340494=CI&PL contenedor 36
A81: SOLDADORA NARANJA HITBOX 110V | B81: TEC-0475-NEG | C81: =VLOOKUP(B81,Sheet2!$1:$1048576,2,FALSE) -> https://drive.google.com/uc?export=download&id=1-mezg8-e4aU0OsEJXo2Y3Zb9z7XXOm40 | D81: 40 | E81: 40 | F81: 31 | G81: =D81*E81*F81/1000000 -> 0.0496 | H81: 40 | J81: 4 | K81: =J81*G81 -> 0.1984 | L81: Producto almacenable | M81: FERRAFORME MS | N81: TEC-0475-NEG | O81: EMCU8340494=CI&PL contenedor 36
A82: SOLDADORA HBM200 110V/220V NARANJA | B82: TEC-0481-NAR | C82: =VLOOKUP(B82,Sheet2!$1:$1048576,2,FALSE) -> https://drive.google.com/uc?export=download&id=1xFURv0ncN8tOABaoBPHyyWuHRV8AMuJF | D82: 41 | E82: 39 | F82: 30 | G82: =D82*E82*F82/1000000 -> 0.04797 | H82: 47 | J82: 2 | K82: =J82*G82 -> 0.09594 | L82: Producto almacenable | M82: FERRAFORME MS | N82: TEC-0481-NAR | O82: EMCU8340494=CI&PL contenedor 36
A83: SOLDADORA HIM200 NARANJA | B83: TEC-0472-HBM | C83: =VLOOKUP(B83,Sheet2!$1:$1048576,2,FALSE) -> https://drive.google.com/uc?export=download&id=1e5UuQPISi5_kKlDqXW4G2y7csvzDjHua | D83: 62 | E83: 35 | F83: 27 | G83: =D83*E83*F83/1000000 -> 0.05859 | H83: 26 | J83: 4 | K83: =J83*G83 -> 0.23436 | L83: Producto almacenable | M83: FERRAFORME MS | N83: TEC-0472-HBM | O83: EMCU8340494=CI&PL contenedor 36
A84: SOLDADORA ARC200D MINI NARANJA | B84: TEC-0472-ARC200D | D84: 42 | E84: 39 | F84: 30 | G84: =D84*E84*F84/1000000 -> 0.04914 | H84: 55 | J84: 2 | K84: =J84*G84 -> 0.09828 | L84: Producto almacenable | M84: FERRAFORME MS | N84: TEC-0472-ARC200D | O84: EMCU8340494=CI&PL contenedor 36
A85: HBMSOLDADORA 1200 110/22V NARANJA | B85: TEC-0495-NAR-110V | C85: =VLOOKUP(B85,Sheet2!$1:$1048576,2,FALSE) -> https://drive.google.com/uc?export=download&id=18gx_b-0w6dYaHdO2H8BwPfQXDAj8uZs7 | D85: 62 | E85: 35 | F85: 27 | G85: =D85*E85*F85/1000000 -> 0.05859 | H85: 35 | J85: 4 | K85: =J85*G85 -> 0.23436 | L85: Producto almacenable | M85: FERRAFORME MS | N85: TEC-0495-NAR-110V | O85: EMCU8340494=CI&PL contenedor 36
A86: GUANTES AZULES | B86: ACC-0233-AZL | C86: =VLOOKUP(B86,Sheet2!$1:$1048576,2,FALSE) -> https://drive.google.com/uc?export=download&id=1-c5vIQQR2KK6pnDRRnSqAZBc3jRqn3ba | D86: 67 | E86: 47 | F86: 26 | G86: =D86*E86*F86/1000000 -> 0.081874 | H86: 4 | J86: 40 | K86: =J86*G86 -> 3.27496 | L86: Producto almacenable | M86: FERRAFORME MS | N86: ACC-0233-AZL | O86: EMCU8340494=CI&PL contenedor 36
A87: CASCO PARA SOLDAR INTELIGENTE NEGRO | B87: TEC-0476-NEG | C87: =VLOOKUP(B87,Sheet2!$1:$1048576,2,FALSE) -> https://drive.google.com/uc?export=download&id=1WAMneNJBhJmxOKIfsUfsZ1EMK-3oIOKr | D87: 63 | E87: 55 | F87: 33 | G87: =D87*E87*F87/1000000 -> 0.114345 | H87: 20 | J87: 6 | K87: =J87*G87 -> 0.68607 | L87: Producto almacenable | M87: FERRAFORME MS | N87: TEC-0476-NEG | O87: EMCU8340494=CI&PL contenedor 36
A88: CASCO PARA SOLDAR INTELIGENTES AZUL | B88: TEC-0476-AZL | C88: =VLOOKUP(B88,Sheet2!$1:$1048576,2,FALSE) -> https://drive.google.com/uc?export=download&id=1WAMneNJBhJmxOKIfsUfsZ1EMK-3oIOKr | D88: 64 | E88: 56 | F88: 33 | G88: =D88*E88*F88/1000000 -> 0.118272 | H88: 13 | J88: 6 | K88: =J88*G88 -> 0.709632 | L88: Producto almacenable | M88: FERRAFORME MS | N88: TEC-0476-AZL | O88: EMCU8340494=CI&PL contenedor 36
A89: CASCO PARA SOLDAR INTELIGENTE ROJO | B89: TEC-0476-ROJ | C89: =VLOOKUP(B89,Sheet2!$1:$1048576,2,FALSE) -> https://drive.google.com/uc?export=download&id=1WAMneNJBhJmxOKIfsUfsZ1EMK-3oIOKr | D89: 64 | E89: 56 | F89: 33 | G89: =D89*E89*F89/1000000 -> 0.118272 | H89: 13 | J89: 6 | K89: =J89*G89 -> 0.709632 | L89: Producto almacenable | M89: FERRAFORME MS | N89: TEC-0476-ROJ | O89: EMCU8340494=CI&PL contenedor 36
A90: SOLDADORA 4 EN 1 GAS 50-60HZ NEGRO | B90: TEC-0479-NEG | C90: =VLOOKUP(B90,Sheet2!$1:$1048576,2,FALSE) -> https://drive.google.com/uc?export=download&id=1EtkkVXUznZRpR0W54jz6pqYe2ofdIiu1 | D90: 61 | E90: 44 | F90: 36 | G90: =D90*E90*F90/1000000 -> 0.096624 | H90: 96 | J90: 2 | K90: =J90*G90 -> 0.193248 | L90: Producto almacenable | M90: FERRAFORME MS | N90: TEC-0479-NEG | O90: EMCU8340494=CI&PL contenedor 36
A91: MAQUINA DE SOLDAR 200A MIG MM NEGRO | B91: TEC-0480-NEG-200A | C91: =VLOOKUP(B91,Sheet2!$1:$1048576,2,FALSE) -> https://drive.google.com/uc?export=download&id=1gSKBBMRQgCrOWZtfk2Q1hr0cT8ctCyfS | D91: 42 | E91: 39 | F91: 30 | G91: =D91*E91*F91/1000000 -> 0.04914 | H91: 47 | J91: 2 | K91: =J91*G91 -> 0.09828 | L91: Producto almacenable | M91: FERRAFORME MS | N91: TEC-0480-NEG-200A | O91: EMCU8340494=CI&PL contenedor 36
A92: SOLDADORA MIG145 8 FIT MMA 200A | B92: TEC-0498-ACE | C92: =VLOOKUP(B92,Sheet2!$1:$1048576,2,FALSE) -> https://drive.google.com/uc?export=download&id=1pmXRyWqDasWHx4Kr70BRg75_azZBVZRG | D92: 42 | E92: 39 | F92: 30 | G92: =D92*E92*F92/1000000 -> 0.04914 | H92: 47 | J92: 2 | K92: =J92*G92 -> 0.09828 | L92: Producto almacenable | M92: FERRAFORME MS | N92: TEC-0498-ACE | O92: EMCU8340494=CI&PL contenedor 36
A93: SOLDADORA HIT BOX HBM1200C NARANJA | B93: TEC-0499-NAR-HIT | C93: =VLOOKUP(B93,Sheet2!$1:$1048576,2,FALSE) -> https://drive.google.com/uc?export=download&id=1cg4aNETCbbs0VEPqUOvKE3nyrWb3xnEO | D93: 57 | E93: 46 | F93: 24 | G93: =D93*E93*F93/1000000 -> 0.062928 | H93: 52 | J93: 2 | K93: =J93*G93 -> 0.125856 | L93: Producto almacenable | M93: FERRAFORME MS | N93: TEC-0499-NAR-HIT | O93: EMCU8340494=CI&PL contenedor 36
A94: SOLDADORA INVERTER 110/220V ALUMINIO NARANJA | B94: TEC-500-NAR-220V | D94: 50 | E94: 46 | F94: 27 | G94: =D94*E94*F94/1000000 -> 0.0621 | H94: 167 | J94: 1 | K94: =J94*G94 -> 0.0621 | L94: Producto almacenable | M94: FERRAFORME MS | N94: TEC-500-NAR-220V | O94: EMCU8340494=CI&PL contenedor 36
A95: SOLDADORA INVERTER SIN GAS 145A NEGRA | B95: TEC-0494-NEG-145A | C95: =VLOOKUP(B95,Sheet2!$1:$1048576,2,FALSE) -> https://drive.google.com/uc?export=download&id=11KcvcKZBt8XIiVrSd7EwCP6D_nJy5JT9 | D95: 42 | E95: 39 | F95: 30 | G95: =D95*E95*F95/1000000 -> 0.04914 | H95: 48 | J95: 2 | K95: =J95*G95 -> 0.09828 | L95: Producto almacenable | M95: FERRAFORME MS | N95: TEC-0494-NEG-145A | O95: EMCU8340494=CI&PL contenedor 36
A96: SOLDADORA INVERSORA 110/220V NEGRO C VERDE | B96: TEC-0490-NEG/VER | D96: 56 | E96: 47 | F96: 37 | G96: =D96*E96*F96/1000000 -> 0.097384 | H96: 49 | J96: 2 | K96: =J96*G96 -> 0.194768 | L96: Producto almacenable | M96: FERRAFORME MS | N96: TEC-0490-NEG/VER | O96: EMCU8340494=CI&PL contenedor 36
A97: SOLDADORA MINI ARC200 NARANJA | B97: TEC-0471-NAR-ARC200 | C97: =VLOOKUP(B97,Sheet2!$1:$1048576,2,FALSE) -> https://drive.google.com/uc?export=download&id=1Bx65ilEdJ8tJ6rQy8Syr7U_0STUlKsja | D97: 42 | E97: 39 | F97: 30 | G97: =D97*E97*F97/1000000 -> 0.04914 | H97: 100 | J97: 2 | K97: =J97*G97 -> 0.09828 | L97: Producto almacenable | M97: FERRAFORME MS | N97: TEC-0471-NAR-ARC200 | O97: EMCU8340494=CI&PL contenedor 36
A98: HVM140 SOLDADORA 110/220V NEGRO | B98: TEC-0487-NEG | C98: =VLOOKUP(B98,Sheet2!$1:$1048576,2,FALSE) -> https://drive.google.com/uc?export=download&id=15Zy6_Vxx6MLitvVvURVudhO6ZV5IuCfd | D98: 56 | E98: 47 | F98: 31 | G98: =D98*E98*F98/1000000 -> 0.081592 | H98: 89 | J98: 2 | K98: =J98*G98 -> 0.163184 | L98: Producto almacenable | M98: FERRAFORME MS | N98: TEC-0487-NEG | O98: EMCU8340494=CI&PL contenedor 36

Sheet Sheet2
A1: SKU | B1: url_imagen
A2: ORG-0304-PLA-70X30 | B2: https://drive.google.com/uc?export=download&id=18nK3vxiLPAzynUtePD5kAaKlGypYFmVg
A3: ORG-0304-PLA-100X150 | B3: https://drive.google.com/uc?export=download&id=18nK3vxiLPAzynUtePD5kAaKlGypYFmVg
A4: TEC-0056-PLA | B4: https://drive.google.com/uc?export=download&id=1ydANkLmJqrIfr-ucx2PAO2rir7Qo_7k2
A5: MUE-0082-NEG | B5: https://drive.google.com/uc?export=download&id=1A5Dh9rFBjpsAb-YwuLIS44DUmr5OOhcD
A6: MUE-0079-NEG | B6: https://drive.google.com/uc?export=download&id=1i-80pFiTRxxSFMeFocrK2NFjxLjcpFvH
A7: TEC-0762-EST | B7: https://drive.google.com/uc?export=download&id=1d2sQ2jJ_VTr2n2tEOPA7Jfdj3tlQD-Te
A8: TEC-0571-MET | B8: https://drive.google.com/uc?export=download&id=1IogcfAcdipnc8I7DsP_iw0HPCbmMwt06
A9: TEC-0593-NEG | B9: https://drive.google.com/uc?export=download&id=1SDbfwk4BcVuOgsqHjcyoq5ZbovYrjqLq
A10: TEC-0594-NEG | B10: https://drive.google.com/uc?export=download&id=1EfgskujiA0cVpdSqjmZ4LCGSP61o93mY
A11: TEC-0595-PLA | B11: https://drive.google.com/uc?export=download&id=1WIE5XP46AAwtQZb69pIxxCIRYrFRzpBn
A12: TEC-0596-MET | B12: https://drive.google.com/uc?export=download&id=1eRynMlkgDz0Cz_hOVEvwYVIxyDNVLizK
... A157: CALZ-0119-NEG-37 | B157: https://drive.google.com/uc?export=download&id=1lAggtp_8tO31MHoeh7nkYThzGA371oRc
B158: https://drive.google.com/uc?export=download&id=1lAggtp_8tO31MHoeh7nkYThzGA371oRc
A159: CALZ-0119-NEG-39 | B159: https://drive.google.com/uc?export=download&id=1lAggtp_8tO31MHoeh7nkYThzGA371oRc
A160: CALZ-0119-NEG-40 | B160: https://drive.google.com/uc?export=download&id=1lAggtp_8tO31MHoeh7nkYThzGA371oRc
A161: CALZ-0119-ROS-36 | B161: https://drive.google.com/uc?export=download&id=1lAggtp_8tO31MHoeh7nkYThzGA371oRc
A162: CALZ-0119-ROS-37 | B162: https://drive.google.com/uc?export=download&id=1lAggtp_8tO31MHoeh7nkYThzGA371oRc
A163: CALZ-0119-ROS-39 | B163: https://drive.google.com/uc?export=download&id=1lAggtp_8tO31MHoeh7nkYThzGA371oRc
A164: TEC-0061-AMA | B164: https://drive.google.com/uc?export=download&id=1LULXYCh0JWBhuR7QDuBUPGYzeWufp8Ln
A165: TEC-0061-AZL | B165: https://drive.google.com/uc?export=download&id=1LULXYCh0JWBhuR7QDuBUPGYzeWufp8Ln
A166: CALZ-0016-ROS-23 | B166: https://drive.google.com/uc?export=download&id=1tGo2IKIdxm_e9VSFICm3T4etO5AkjQ0I
A167: CALZ-0016-ROS-25 | B167: https://drive.google.com/uc?export=download&id=1tGo2IKIdxm_e9VSFICm3T4etO5AkjQ0I
A168: CALZ-0016-ROS-26 | B168: https://drive.google.com/uc?export=download&id=1tGo2IKIdxm_e9VSFICm3T4etO5AkjQ0I
A169: CALZ-0016-ROS-27 | B169: https://drive.google.com/uc?export=download&id=1tGo2IKIdxm_e9VSFICm3T4etO5AkjQ0I
A170: CALZ-0016-ROS-24 | B170: https://drive.google.com/uc?export=download&id=1tGo2IKIdxm_e9VSFICm3T4etO5AkjQ0I
... A652: CALZ-0123-BLN-GRI-39 | B652: https://drive.google.com/uc?export=download&id=1DnvHqs8itDAxli4_-TVYlOENqZfUQXCa
B653: https://drive.google.com/uc?export=download&id=10xL0m2tPSbT-guuH37Y2IKwhlSDJsRgY
A654: CALZ-0123-BLN-GRI-40 | B654: https://drive.google.com/uc?export=download&id=1DnvHqs8itDAxli4_-TVYlOENqZfUQXCa
A655: TEC-0568-GRI | B655: https://drive.google.com/uc?export=download&id=1Dsp09L7qX1NSLbGHQ8uiYJwa1hggeDYv
A656: CALZ-0142-BLN-AZL-36 | B656: https://drive.google.com/uc?export=download&id=1UpDVPzRZT4hruq0yas16tmxLasoqxF6o
A657: CALZ-0142-BLN-AZL-37 | B657: https://drive.google.com/uc?export=download&id=1UpDVPzRZT4hruq0yas16tmxLasoqxF6o
A658: CALZ-0142-BLN-AZL-39 | B658: https://drive.google.com/uc?export=download&id=1UpDVPzRZT4hruq0yas16tmxLasoqxF6o
A659: CALZ-0142-BLN-AMA-37 | B659: https://drive.google.com/uc?export=download&id=1UpDVPzRZT4hruq0yas16tmxLasoqxF6o
A660: CALZ-0142-BLN-AMA-39 | B660: https://drive.google.com/uc?export=download&id=1UpDVPzRZT4hruq0yas16tmxLasoqxF6o
A661: CALZ-0142-BLN-AMA-40 | B661: https://drive.google.com/uc?export=download&id=1UpDVPzRZT4hruq0yas16tmxLasoqxF6o
A662: CALZ-0142-BLN-AZL-36 | B662: https://drive.google.com/uc?export=download&id=1UpDVPzRZT4hruq0yas16tmxLasoqxF6o
A663: CALZ-0142-BLN-AZL-37 | B663: https://drive.google.com/uc?export=download&id=1UpDVPzRZT4hruq0yas16tmxLasoqxF6o
A664: CALZ-0142-BLN-AZL-38 | B664: https://drive.google.com/uc?export=download&id=1UpDVPzRZT4hruq0yas16tmxLasoqxF6o
A665: CALZ-0142-BLN-AZL-39 | B665: https://drive.google.com/uc?export=download&id=1UpDVPzRZT4hruq0yas16tmxLasoqxF6o
... A1387: MES-0046-CAF | B1387: https://drive.google.com/uc?export=download&id=1ks2eLyQBxobxYSH9SjOf2rgrYh_fvc7z
B1388: https://drive.google.com/uc?export=download&id=15HgtUYqgBcaz6Wa3VYAfcrvZtksMq1dC
A1389: TEC-0592-NEG | B1389: https://drive.google.com/uc?export=download&id=1481uwyWu-3_AzBqxQ1FAOPtgh8vdfmjc
A1390: MES-0032-180 | B1390: https://drive.google.com/uc?export=download&id=1Az09qDpEEY1_YzeBRf8QmbcRfPYAV9Re
A1391: SIL-0017-NEG | B1391: https://drive.google.com/uc?export=download&id=1YT2M6sNpizA2Tx6Y0hs4j_IOeBYNjx6s
A1392: TEC-0400-MET | B1392: https://drive.google.com/uc?export=download&id=1YAJh_D8Dau9lFEyOteEOqDG-y4hCObT7
A1393: TEC-0301-AMA | B1393: https://drive.google.com/uc?export=download&id=1U_wxzVi_GpmjXNWllfqNADfyI_03NuNk
A1394: TEC-0368-ROS | B1394: https://drive.google.com/uc?export=download&id=1OG3nfvrSOaQBi_d94ktHqYvVKB9z22el
A1395: ACC-0250-NEG | B1395: https://drive.google.com/uc?export=download&id=1n39X23soQfOwYuuqanHAkh6-THNrCx_t
A1396: TEC-0368-NEG | B1396: https://drive.google.com/uc?export=download&id=1OG3nfvrSOaQBi_d94ktHqYvVKB9z22el
A1397: MUE-0175-NEG | B1397: https://drive.google.com/uc?export=download&id=1nAptedYxukrB1X7xzobUuwqEwjbGTaQB
A1398: MES-0033-200 | B1398: https://drive.google.com/uc?export=download&id=1oqpHIyrNUgIzpmU4btbqOCFu932m9cK9
A1399: VEH-0020-NEG | B1399: https://drive.google.com/uc?export=download&id=10sR-LhTzJWIcofaHEaTEbas3FDFKh7qD
A1400: TEC-0660-MUL | B1400: https://drive.google.com/uc?export=download&id=1AWwRDKAMhysuAP2yGlPlnF5LO3hjcOKt
... A1728: TEC-0978-NEG-CAJ | B1728: https://drive.google.com/uc?export=download&id=1ZBilEvrH028HocHpQ4HoMqhX8KunqUeM
B1729: https://drive.google.com/uc?export=download&id=1Z7-O3CS-lx0hjapMZA82--2awNHDFfuL
B1730: https://drive.google.com/uc?export=download&id=1uUnSviEPGjR0MeKHnvtsY7aLh69LliL3
A1731: TEC-0980-NEG-T800 | B1731: https://drive.google.com/uc?export=download&id=1rb-YeXc1Ksq5vhsDE-Oi0NuI8D4rSug7
A1732: TEC-0981-NEG-ST96 | B1732: https://drive.google.com/uc?export=download&id=1FzDr03vjIZyyOl2qH2R4hfVJH1ge7VGe
A1733: TEC-0982-ROS | B1733: https://drive.google.com/uc?export=download&id=1m4ZE1kLOi-He1JBP6EuUXWXVnbv67ItP
A1734: TEC-0983-NEG-CAFET-EXPR | B1734: https://drive.google.com/uc?export=download&id=1RPibJiGvGoegROmEoCDqK1Ghq6DXKJZP
A1735: TEC-0984-ROS | B1735: https://drive.google.com/uc?export=download&id=1X7JWWnGwpdU6hxrdQUEV18ITEpSOEWnj
A1736: TEC-0985-PLA-CEP | B1736: https://drive.google.com/uc?export=download&id=1UjOPOcdSXy7i3_WvaieYZQVQuRjdqh9m
A1737: SIL-0030-CAF | B1737: https://drive.google.com/uc?export=download&id=1CwuuDPke6MKsPp4MoR4hI-DZUqUIhqHl
A1738: SIL-0030-VER-CAF | B1738: https://drive.google.com/uc?export=download&id=1CwuuDPke6MKsPp4MoR4hI-DZUqUIhqHl
A1739: MUE-0209-CAF | B1739: https://drive.google.com/uc?export=download&id=19VfPYJ2UP2Q2A1By31PMx0Dl1hfXa7E5
A1740: MUE-0210-GRI-NEG | B1740: https://drive.google.com/uc?export=download&id=1aZE37JtCGT9J3uwweZVHP3UNJw9Jltub
A1741: TEC-0986-VER | B1741: https://drive.google.com/uc?export=download&id=1KxZZUusv6u1tR6oXPz1ux3JNoPOpjgfU
A1742: TEC-0987-NEG-055 | B1742: https://drive.google.com/uc?export=download&id=1LnOS940Th6ojfRXfkI7GxogzxqHtQjzD
... A5595: ROP-0252-NEG-S | B5595: https://drive.google.com/uc?export=download&id=1DkwblEFtVEB2Rd4aSijgSjoXrT28BZND
B5596: https://drive.google.com/uc?export=download&id=170h5b5sNdmJsoQst8OIDTkXiYCpwwX_j
A5597: ROP-0252-BLN-M | B5597: https://drive.google.com/uc?export=download&id=1DkwblEFtVEB2Rd4aSijgSjoXrT28BZND
A5598: ROP-0252-AZLCLA-L | B5598: https://drive.google.com/uc?export=download&id=1DkwblEFtVEB2Rd4aSijgSjoXrT28BZND
A5599: ROP-0252-AZLCLA-XL | B5599: https://drive.google.com/uc?export=download&id=1DkwblEFtVEB2Rd4aSijgSjoXrT28BZND
A5600: ROP-0252-AZLCLA-M | B5600: https://drive.google.com/uc?export=download&id=1DkwblEFtVEB2Rd4aSijgSjoXrT28BZND
A5601: ROP-0252-AZLCLA-S | B5601: https://drive.google.com/uc?export=download&id=1DkwblEFtVEB2Rd4aSijgSjoXrT28BZND
A5602: ROP-0252-ROS-L | B5602: https://drive.google.com/uc?export=download&id=1DkwblEFtVEB2Rd4aSijgSjoXrT28BZND
A5603: ROP-0252-ROS-XL | B5603: https://drive.google.com/uc?export=download&id=1DkwblEFtVEB2Rd4aSijgSjoXrT28BZND
A5604: ROP-0252-ROS-M | B5604: https://drive.google.com/uc?export=download&id=1DkwblEFtVEB2Rd4aSijgSjoXrT28BZND
A5605: ROP-0253-ROJ | B5605: https://drive.google.com/uc?export=download&id=1xsh3fez_H1QI-suwqadpZPy1njbcU2Mf
A5606: ROP-0254-MUL | B5606: https://drive.google.com/uc?export=download&id=1GICDcMCdM0GvArc6Y_IYcR1NyLBSx957
A5607: TEC-0290-NEG | B5607: https://drive.google.com/uc?export=download&id=1W5C2Q0zRIPXG3y5c1iy-uVuoTFtjs2Fh
A5608: ACC-0192-MOR | B5608: https://drive.google.com/uc?export=download&id=1o-pWZdbbMg_C73JD5SZixI_KEaIlfTR_
... A5836: ORG-0240-BLN | B5836: https://drive.google.com/uc?export=download&id=1svQDvcxwzTJFKFFOvsIclN6ujGJy6xid
B5837: https://drive.google.com/uc?export=download&id=1pSRicJUJvUs6sXh2XFBMrPtZEUQpDu0H
A5838: ORG-0239-BLN-NEG | B5838: https://drive.google.com/uc?export=download&id=1LI1aI7LGg9JpGZzQVA-pG7eSPdFKMbvL
A5839: ORG-0239-CAF-BLN | B5839: https://drive.google.com/uc?export=download&id=1LI1aI7LGg9JpGZzQVA-pG7eSPdFKMbvL
A5840: ROP-0441-ROJ-S | B5840: https://drive.google.com/uc?export=download&id=1pXOh91zWDD1pCAUBHN0NziuJ53idO0RA
A5841: ROP-0441-ROJ-L | B5841: https://drive.google.com/uc?export=download&id=1pXOh91zWDD1pCAUBHN0NziuJ53idO0RA
A5842: ROP-0441-ROJ-M | B5842: https://drive.google.com/uc?export=download&id=1pXOh91zWDD1pCAUBHN0NziuJ53idO0RA
A5843: ROP-0441-ROJ-XL | B5843: https://drive.google.com/uc?export=download&id=1pXOh91zWDD1pCAUBHN0NziuJ53idO0RA
A5844: ROP-0442-ROJ-M | B5844: https://drive.google.com/uc?export=download&id=10EQuPErNNgRZ2vXv8Lkou9Ln-gObsP-G
A5845: ROP-0442-ROJ-L | B5845: https://drive.google.com/uc?export=download&id=10EQuPErNNgRZ2vXv8Lkou9Ln-gObsP-G
A5846: ROP-0442-ROJ-XL | B5846: https://drive.google.com/uc?export=download&id=10EQuPErNNgRZ2vXv8Lkou9Ln-gObsP-G
A5847: TEC-1191-PLA | B5847: https://drive.google.com/uc?export=download&id=1dQhFRNLiVxkZK4zGFkkcQID9gRAkLxXw
A5848: ORG-0439-PLA | B5848: https://drive.google.com/uc?export=download&id=1hM4LvLBOZsCJqYHvd42-KjWZ3NHEAG1v
A5849: JUGU-0162-MUL | B5849: https://drive.google.com/uc?export=download&id=1-P5_0MglZItfDTv83a3vlXL_tpdTusLf
... A8025: TEC-1739-NEG | B8025: https://drive.google.com/uc?export=download&id=14hATxhUZAnN17xaAby8iwcXUBe47Z2Mu
